local_path,title,source_type,version_status,effective_from,published_at,source_page_url,download_url,bytes,sha256,collected_at
raw/law_go_kr/01_university_rules_current_2026.html,Gyeongsang National University Rules,regulation,current,2026-02-27,2026-02-27,https://www.law.go.kr/LSW/schlPubRulInfoP.do?schlPubRulSeq=2200000153007,https://www.law.go.kr/LSW/schlPubRulInfoR.do?schlPubRulSeq=2200000153007&joTpYn=Y&languageType=KO,293022,b6675d089e8083b571444dd15a39aefbdec35f6e197a92dcf5d6a13babc0c0fd,2026-08-06
raw/law_go_kr/02_graduate_academic_operation_2024.html,Graduate School Academic Operation Regulations,regulation,historical,2024-01-16,2024-01-16,https://www.law.go.kr/LSW/schlPubRulInfoP.do?schlPubRulSeq=2200000124859,https://www.law.go.kr/LSW/schlPubRulInfoR.do?schlPubRulSeq=2200000124859&joTpYn=Y&languageType=KO,79745,776333d156f48c29564ae2f5f25e87c728472d812358c864e89f5b96f67c679c,2026-08-06
raw/law_go_kr/03_graduate_academic_operation_current_2026.html,Graduate School Academic Operation Regulations,regulation,current,2026-02-27,2026-02-27,https://www.law.go.kr/LSW/schlPubRulInfoP.do?schlPubRulSeq=2200000153021,https://www.law.go.kr/LSW/schlPubRulInfoR.do?schlPubRulSeq=2200000153021&joTpYn=Y&languageType=KO,82115,cf4f48eb1a66e5fb601aeea97c410ae3858744f78879c881c09db64a421d6d1d,2026-08-06
raw/law_go_kr/04_graduate_degree_conferral_current_2026.html,Graduate School Degree Conferral Regulations,regulation,current,2026-02-27,2026-02-27,https://www.law.go.kr/LSW/schlPubRulInfoP.do?schlPubRulSeq=2200000153023,https://www.law.go.kr/LSW/schlPubRulInfoR.do?schlPubRulSeq=2200000153023&joTpYn=Y&languageType=KO,37772,59a1afe709b0f1809a84f57292f432af8bf60a0c9ef4810df8b8f1d9540f1274,2026-08-06
raw/law_go_kr/05_graduate_curriculum_guidelines_2024.html,Graduate School Curriculum Operation Guidelines,guideline,current-at-source,2024-01-16,2024-01-16,https://www.law.go.kr/LSW/schlPubRulInfoP.do?schlPubRulSeq=2200000124943,https://www.law.go.kr/LSW/schlPubRulInfoR.do?schlPubRulSeq=2200000124943&joTpYn=Y&languageType=KO,9634,be25c0ad579baf9b0fe34e3ac5d292ad19355b1c81ffefe4905f302586bc2586,2026-08-06
raw/law_go_kr/06_thesis_qualification_exam_guidelines_2021.html,General Graduate School Thesis Qualification Examination Guidelines,guideline,current-at-source,2021-11-23,2021-11-23,https://www.law.go.kr/LSW/schlPubRulInfoP.do?schlPubRulSeq=2200000096213,https://www.law.go.kr/LSW/schlPubRulInfoR.do?schlPubRulSeq=2200000096213&joTpYn=Y&languageType=KO,14801,21b8b74c3b3668b08ca5d42a09488d2c2faa836201391e92ca21ddd142f9391a,2026-08-06
raw/law_go_kr/07_research_ethics_regulations_2025.html,Research Ethics Regulations,regulation,current-at-source,2025-02-28,2025-02-28,https://www.law.go.kr/LSW/schlPubRulInfoP.do?schlPubRulSeq=2200000139977,https://www.law.go.kr/LSW/schlPubRulInfoR.do?schlPubRulSeq=2200000139977&joTpYn=Y&languageType=KO,65498,f6ef3f0fdbf2b6be9a314d59d4ac7d6221ea65dd95416799c42615c6100b4220,2026-08-06
raw/gnu/08_thesis_writing_guidelines_page_2025.html,General Graduate School Thesis Writing Guidelines and Templates,official-guidance,current-at-source,,2025-06-13,https://www.gnu.ac.kr/graduate/na/ntt/selectNttInfo.do?bbsId=1215&mi=2382&nttSn=2326423,https://www.gnu.ac.kr/graduate/na/ntt/selectNttInfo.do?bbsId=1215&mi=2382&nttSn=2326423,65657,a26b52753de8e6720a17cc21fb91b3920cbf6b37793a811a3cfcaad6775be228,2026-08-06
raw/gnu/08a_thesis_writing_guidelines_ko_en.hwp,Thesis Writing Guidelines in Korean and English,attachment,current-at-source,,2025-06-13,https://www.gnu.ac.kr/graduate/na/ntt/selectNttInfo.do?bbsId=1215&mi=2382&nttSn=2326423,https://www.gnu.ac.kr/common/nttFileDownload.do?fileKey=00fe9acba2ef7fa5de9fda776b4d45a5,164352,ba1362aad35b287cae13f73d9115312ec723f008b82a79096c1ae6763b4b8c96,2026-08-06
raw/gnu/08b_thesis_template_korean.docx,Korean Thesis Template,attachment,current-at-source,,2025-06-13,https://www.gnu.ac.kr/graduate/na/ntt/selectNttInfo.do?bbsId=1215&mi=2382&nttSn=2326423,https://www.gnu.ac.kr/common/nttFileDownload.do?fileKey=016a80b5f94318bd4d90b1463cd59304,26748,59502fa954f574fa66f080cce86d2ed9760f8aba7c9dfdaf1a865a0f0bfb3e35,2026-08-06
raw/gnu/08c_thesis_template_english.docx,English Thesis Template,attachment,current-at-source,,2025-06-13,https://www.gnu.ac.kr/graduate/na/ntt/selectNttInfo.do?bbsId=1215&mi=2382&nttSn=2326423,https://www.gnu.ac.kr/common/nttFileDownload.do?fileKey=2a73a6f4e83568c6a2524b290b2deae8,23766,c5ecf327e6325897e2aa1f01f263c435fb288056e8ac17f02d4d6f5ea82f641e,2026-08-06
raw/gnu/09_thesis_review_notice_2026_spring.html,Spring 2026 Thesis and Alternative-Achievement Review Schedule,official-notice,semester-specific,2026-03-16,2026-03-16,https://www.gnu.ac.kr/graduate/na/ntt/selectNttInfo.do?mi=2372&nttSn=6090582,https://www.gnu.ac.kr/graduate/na/ntt/selectNttInfo.do?mi=2372&nttSn=6090582,158441,725aac8c6ae86c531fc9f6cd0ae204a86b6f7d15298e880a94800e946483f727,2026-08-06
raw/gnu/09a_thesis_review_plan_2026_spring.pdf,Spring 2026 Thesis Review Plan,attachment,semester-specific,2026-03-16,2026-03-16,https://www.gnu.ac.kr/graduate/na/ntt/selectNttInfo.do?mi=2372&nttSn=6090582,https://www.gnu.ac.kr/common/nttFileDownload.do?fileKey=28b0d1d3cbdd98146678f0106b864278,307130,2f95bdf14961af2a6b7c4e46e092a3015633e69a7017c41174274894cf5c04f8,2026-08-06
raw/gnu/10_masters_alternative_notice_2026_fall.html,Fall 2026 Master's Thesis Alternative-Achievement Application Notice,official-notice,semester-specific,2026-08-05,2026-08-05,https://www.gnu.ac.kr/graduate/na/ntt/selectNttInfo.do?bbsId=1212&nttSn=7988443,https://www.gnu.ac.kr/graduate/na/ntt/selectNttInfo.do?bbsId=1212&nttSn=7988443,69405,27d13deb4a5950ec399f97f819d9a6c81b4bf4dd295d6be0ad6e1ad0dae12a59,2026-08-06
raw/gnu/10a_masters_alternative_criteria_2026_fall.pdf,Fall 2026 Master's Thesis Alternative-Achievement Criteria,attachment,semester-specific,2026-08-05,2026-08-05,https://www.gnu.ac.kr/graduate/na/ntt/selectNttInfo.do?bbsId=1212&nttSn=7988443,https://www.gnu.ac.kr/common/nttFileDownload.do?fileKey=18c584fca65ba165003b76b5ef2d775d,73126,b957be808fec58ce87d011b85e4ce40c613db80e4661c1333ea8bcb363060c94,2026-08-06
raw/gnu/10b_masters_alternative_forms_2026_fall.hwpx,Fall 2026 Master's Thesis Alternative-Achievement Forms,attachment,semester-specific,2026-08-05,2026-08-05,https://www.gnu.ac.kr/graduate/na/ntt/selectNttInfo.do?bbsId=1212&nttSn=7988443,https://www.gnu.ac.kr/common/nttFileDownload.do?fileKey=7ad3cc5662aa54269951bf8dc81ef438,88550,a4e36eaea799c465c81eb99769ef8c3e1e0a1a51a0f0b43f9eaf86d409ed947e,2026-08-06
